Country Name,Indicator Name,Year,Value
Aruba,Adolescent fertility rate,2015,25.0092
Afghanistan,Adolescent fertility rate,2015,81.693
Angola,Adolescent fertility rate,2015,157.2756
Albania,Adolescent fertility rate,2015,20.0772
Andorra,Adolescent fertility rate,2015,
Arab World,Adolescent fertility rate,2015,48.27973701
United Arab Emirates,Adolescent fertility rate,2015,10.6356
Argentina,Adolescent fertility rate,2015,63.096
Armenia,Adolescent fertility rate,2015,22.8308
American Samoa,Adolescent fertility rate,2015,
Antigua and Barbuda,Adolescent fertility rate,2015,44.4692
Australia,Adolescent fertility rate,2015,11.9498
Austria,Adolescent fertility rate,2015,7.7896
Azerbaijan,Adolescent fertility rate,2015,53.1988
Burundi,Adolescent fertility rate,2015,57.63
Belgium,Adolescent fertility rate,2015,5.2022
Benin,Adolescent fertility rate,2015,90.2036
Burkina Faso,Adolescent fertility rate,2015,108.7606
Bangladesh,Adolescent fertility rate,2015,85.2192
Bulgaria,Adolescent fertility rate,2015,41.4184
Bahrain,Adolescent fertility rate,2015,13.618
"Bahamas, The",Adolescent fertility rate,2015,31.1194
Bosnia and Herzegovina,Adolescent fertility rate,2015,10.608
Belarus,Adolescent fertility rate,2015,17.2534
Belize,Adolescent fertility rate,2015,70.1638
Bermuda,Adolescent fertility rate,2015,
Bolivia,Adolescent fertility rate,2015,68.0956
Brazil,Adolescent fertility rate,2015,61.0878
Barbados,Adolescent fertility rate,2015,37.2136
Brunei Darussalam,Adolescent fertility rate,2015,11.9396
Bhutan,Adolescent fertility rate,2015,23.306
Botswana,Adolescent fertility rate,2015,46.8966
Central African Republic,Adolescent fertility rate,2015,132.8304
Canada,Adolescent fertility rate,2015,9.6298
Central Europe and the Baltics,Adolescent fertility rate,2015,20.06562046
Switzerland,Adolescent fertility rate,2015,3.059
Channel Islands,Adolescent fertility rate,2015,7.6236
Chile,Adolescent fertility rate,2015,46.152
China,Adolescent fertility rate,2015,7.5318
Cote d'Ivoire,Adolescent fertility rate,2015,120.3414
Cameroon,Adolescent fertility rate,2015,111.8636
"Congo, Dem. Rep.",Adolescent fertility rate,2015,126.2696
"Congo, Rep.",Adolescent fertility rate,2015,114.6758
Colombia,Adolescent fertility rate,2015,69.3178
Comoros,Adolescent fertility rate,2015,68.989
Cabo Verde,Adolescent fertility rate,2015,75.7158
Costa Rica,Adolescent fertility rate,2015,55.9828
Caribbean small states,Adolescent fertility rate,2015,54.17212646
Cuba,Adolescent fertility rate,2015,52.4564
Curacao,Adolescent fertility rate,2015,30.7996
Cayman Islands,Adolescent fertility rate,2015,
Cyprus,Adolescent fertility rate,2015,4.8136
Czech Republic,Adolescent fertility rate,2015,11.484
Germany,Adolescent fertility rate,2015,8.0822
Djibouti,Adolescent fertility rate,2015,19.9894
Dominica,Adolescent fertility rate,2015,
Denmark,Adolescent fertility rate,2015,4.2482
Dominican Republic,Adolescent fertility rate,2015,95.5912
Algeria,Adolescent fertility rate,2015,10.665
East Asia & Pacific (excluding high income),Adolescent fertility rate,2015,22.2894996
Early-demographic dividend,Adolescent fertility rate,2015,40.3852276
East Asia & Pacific,Adolescent fertility rate,2015,20.79272915
Europe & Central Asia (excluding high income),Adolescent fertility rate,2015,27.87273689
Europe & Central Asia,Adolescent fertility rate,2015,18.21259559
Ecuador,Adolescent fertility rate,2015,80.6542
"Egypt, Arab Rep.",Adolescent fertility rate,2015,54.595
Euro area,Adolescent fertility rate,2015,7.114383033
Eritrea,Adolescent fertility rate,2015,55.6586
Spain,Adolescent fertility rate,2015,8.2238
Estonia,Adolescent fertility rate,2015,11.0712
Ethiopia,Adolescent fertility rate,2015,71.2274
European Union,Adolescent fertility rate,2015,10.49255653
Fragile and conflict affected situations,Adolescent fertility rate,2015,90.12002472
Finland,Adolescent fertility rate,2015,6.457
Fiji,Adolescent fertility rate,2015,47.973
France,Adolescent fertility rate,2015,5.4954
Faroe Islands,Adolescent fertility rate,2015,
"Micronesia, Fed. Sts.",Adolescent fertility rate,2015,15.7768
Gabon,Adolescent fertility rate,2015,100.2026
United Kingdom,Adolescent fertility rate,2015,15.4136
Georgia,Adolescent fertility rate,2015,48.504
Ghana,Adolescent fertility rate,2015,68.677
Gibraltar,Adolescent fertility rate,2015,
Guinea,Adolescent fertility rate,2015,139.5256
"Gambia, The",Adolescent fertility rate,2015,83.2682
Guinea-Bissau,Adolescent fertility rate,2015,106.0138
Equatorial Guinea,Adolescent fertility rate,2015,160.0836
Greece,Adolescent fertility rate,2015,7.7494
Grenada,Adolescent fertility rate,2015,31.6494
Greenland,Adolescent fertility rate,2015,
Guatemala,Adolescent fertility rate,2015,73.9864
Guam,Adolescent fertility rate,2015,34.507
Guyana,Adolescent fertility rate,2015,77.854
High income,Adolescent fertility rate,2015,14.01828068
"Hong Kong SAR, China",Adolescent fertility rate,2015,2.8314
Honduras,Adolescent fertility rate,2015,75.7848
Heavily indebted poor countries (HIPC),Adolescent fertility rate,2015,105.5518698
Croatia,Adolescent fertility rate,2015,9.6774
Haiti,Adolescent fertility rate,2015,54.032
Hungary,Adolescent fertility rate,2015,22.5134
IBRD only,Adolescent fertility rate,2015,30.70624506
IDA & IBRD total,Adolescent fertility rate,2015,48.29055343
IDA total,Adolescent fertility rate,2015,86.95464545
IDA blend,Adolescent fertility rate,2015,73.57813334
Indonesia,Adolescent fertility rate,2015,48.6144
IDA only,Adolescent fertility rate,2015,93.51896872
Isle of Man,Adolescent fertility rate,2015,
India,Adolescent fertility rate,2015,19.127
Not classified,Adolescent fertility rate,2015,
Ireland,Adolescent fertility rate,2015,8.8202
"Iran, Islamic Rep.",Adolescent fertility rate,2015,38.2094
Iraq,Adolescent fertility rate,2015,74.837
Iceland,Adolescent fertility rate,2015,7.5054
Israel,Adolescent fertility rate,2015,10.3814
Italy,Adolescent fertility rate,2015,5.5016
Jamaica,Adolescent fertility rate,2015,55.9558
Jordan,Adolescent fertility rate,2015,26.7598
Japan,Adolescent fertility rate,2015,4.0596
Kazakhstan,Adolescent fertility rate,2015,30.374
Kenya,Adolescent fertility rate,2015,79.508
Kyrgyz Republic,Adolescent fertility rate,2015,37.265
Cambodia,Adolescent fertility rate,2015,49.6326
Kiribati,Adolescent fertility rate,2015,18.1598
St. Kitts and Nevis,Adolescent fertility rate,2015,
"Korea, Rep.",Adolescent fertility rate,2015,1.5338
Kuwait,Adolescent fertility rate,2015,8.6948
Latin America & Caribbean (excluding high income),Adolescent fertility rate,2015,65.74986275
Lao PDR,Adolescent fertility rate,2015,66.3124
Lebanon,Adolescent fertility rate,2015,15.2896
Liberia,Adolescent fertility rate,2015,137.194
Libya,Adolescent fertility rate,2015,5.9114
St. Lucia,Adolescent fertility rate,2015,41.9872
Latin America & Caribbean,Adolescent fertility rate,2015,65.12532768
Least developed countries: UN classification,Adolescent fertility rate,2015,97.14636445
Low income,Adolescent fertility rate,2015,100.6065434
Liechtenstein,Adolescent fertility rate,2015,
Sri Lanka,Adolescent fertility rate,2015,21.2944
Lower middle income,Adolescent fertility rate,2015,45.56061268
Low & middle income,Adolescent fertility rate,2015,48.25954475
Lesotho,Adolescent fertility rate,2015,91.2404
Late-demographic dividend,Adolescent fertility rate,2015,21.62776749
Lithuania,Adolescent fertility rate,2015,11.8836
Luxembourg,Adolescent fertility rate,2015,5.3978
Latvia,Adolescent fertility rate,2015,15.8182
"Macao SAR, China",Adolescent fertility rate,2015,2.711
St. Martin (French part),Adolescent fertility rate,2015,
Morocco,Adolescent fertility rate,2015,32.0676
Monaco,Adolescent fertility rate,2015,
Moldova,Adolescent fertility rate,2015,23.7558
Madagascar,Adolescent fertility rate,2015,113.7668
Maldives,Adolescent fertility rate,2015,9.0044
Middle East & North Africa,Adolescent fertility rate,2015,40.49882283
Mexico,Adolescent fertility rate,2015,62.607
Marshall Islands,Adolescent fertility rate,2015,
Middle income,Adolescent fertility rate,2015,39.85907879
North Macedonia,Adolescent fertility rate,2015,16.6414
Mali,Adolescent fertility rate,2015,173.0382
Malta,Adolescent fertility rate,2015,13.0422
Myanmar,Adolescent fertility rate,2015,29.0358
Middle East & North Africa (excluding high income),Adolescent fertility rate,2015,44.25901576
Montenegro,Adolescent fertility rate,2015,10.9198
Mongolia,Adolescent fertility rate,2015,29.2282
Northern Mariana Islands,Adolescent fertility rate,2015,
Mozambique,Adolescent fertility rate,2015,152.8336
Mauritania,Adolescent fertility rate,2015,74.2362
Mauritius,Adolescent fertility rate,2015,26.7934
Malawi,Adolescent fertility rate,2015,137.2998
Malaysia,Adolescent fertility rate,2015,13.308
North America,Adolescent fertility rate,2015,21.89034015
Namibia,Adolescent fertility rate,2015,69.769
New Caledonia,Adolescent fertility rate,2015,15.9752
Niger,Adolescent fertility rate,2015,192.22
Nigeria,Adolescent fertility rate,2015,111.218
Nicaragua,Adolescent fertility rate,2015,88.5716
Netherlands,Adolescent fertility rate,2015,4.052
Norway,Adolescent fertility rate,2015,5.5002
Nepal,Adolescent fertility rate,2015,69.5002
Nauru,Adolescent fertility rate,2015,
New Zealand,Adolescent fertility rate,2015,20.7336
OECD members,Adolescent fertility rate,2015,21.92948766
Oman,Adolescent fertility rate,2015,13.8308
Other small states,Adolescent fertility rate,2015,63.33414649
Pakistan,Adolescent fertility rate,2015,39.8832
Panama,Adolescent fertility rate,2015,83.8412
Peru,Adolescent fertility rate,2015,59.0564
Philippines,Adolescent fertility rate,2015,55.404
Palau,Adolescent fertility rate,2015,
Papua New Guinea,Adolescent fertility rate,2015,54.2226
Poland,Adolescent fertility rate,2015,12.056
Pre-demographic dividend,Adolescent fertility rate,2015,113.1416185
Puerto Rico,Adolescent fertility rate,2015,35.6964
"Korea, Dem. People’s Rep.",Adolescent fertility rate,2015,0.2934
Portugal,Adolescent fertility rate,2015,9.5936
Paraguay,Adolescent fertility rate,2015,71.4732
West Bank and Gaza,Adolescent fertility rate,2015,55.9764
Pacific island small states,Adolescent fertility rate,2015,49.98373239
Post-demographic dividend,Adolescent fertility rate,2015,14.15781164
French Polynesia,Adolescent fertility rate,2015,39.6764
Qatar,Adolescent fertility rate,2015,10.4604
Romania,Adolescent fertility rate,2015,36.351
Russian Federation,Adolescent fertility rate,2015,22.9874
Rwanda,Adolescent fertility rate,2015,39.6864
South Asia,Adolescent fertility rate,2015,30.63498048
Saudi Arabia,Adolescent fertility rate,2015,8.5584
Sudan,Adolescent fertility rate,2015,70.399
Senegal,Adolescent fertility rate,2015,77.0754
Singapore,Adolescent fertility rate,2015,3.6816
Solomon Islands,Adolescent fertility rate,2015,78.003
Sierra Leone,Adolescent fertility rate,2015,118.3336
El Salvador,Adolescent fertility rate,2015,71.0814
San Marino,Adolescent fertility rate,2015,
Somalia,Adolescent fertility rate,2015,104.2014
Serbia,Adolescent fertility rate,2015,16.3292
Sub-Saharan Africa (excluding high income),Adolescent fertility rate,2015,106.3886147
South Sudan,Adolescent fertility rate,2015,68.4536
Sub-Saharan Africa,Adolescent fertility rate,2015,106.385944
Small states,Adolescent fertility rate,2015,60.76192254
Sao Tome and Principe,Adolescent fertility rate,2015,96.9444
Suriname,Adolescent fertility rate,2015,63.189
Slovak Republic,Adolescent fertility rate,2015,24.396
Slovenia,Adolescent fertility rate,2015,4.1576
Sweden,Adolescent fertility rate,2015,5.2108
Eswatini,Adolescent fertility rate,2015,77.941
Sint Maarten (Dutch part),Adolescent fertility rate,2015,
Seychelles,Adolescent fertility rate,2015,61.7536
Syrian Arab Republic,Adolescent fertility rate,2015,40.4704
Turks and Caicos Islands,Adolescent fertility rate,2015,
Chad,Adolescent fertility rate,2015,167.942
East Asia & Pacific (IDA & IBRD countries),Adolescent fertility rate,2015,22.5997361
Europe & Central Asia (IDA & IBRD countries),Adolescent fertility rate,2015,26.56910587
Togo,Adolescent fertility rate,2015,90.1494
Thailand,Adolescent fertility rate,2015,47.57
Tajikistan,Adolescent fertility rate,2015,54.4168
Turkmenistan,Adolescent fertility rate,2015,25.2328
Latin America & the Caribbean (IDA & IBRD countries),Adolescent fertility rate,2015,65.46846802
Timor-Leste,Adolescent fertility rate,2015,35.8114
Middle East & North Africa (IDA & IBRD countries),Adolescent fertility rate,2015,44.07970349
Tonga,Adolescent fertility rate,2015,15.438
South Asia (IDA & IBRD),Adolescent fertility rate,2015,30.63498048
Sub-Saharan Africa (IDA & IBRD countries),Adolescent fertility rate,2015,106.385944
Trinidad and Tobago,Adolescent fertility rate,2015,31.976
Tunisia,Adolescent fertility rate,2015,7.7406
Turkey,Adolescent fertility rate,2015,28.4326
Tuvalu,Adolescent fertility rate,2015,
Tanzania,Adolescent fertility rate,2015,120.295
Uganda,Adolescent fertility rate,2015,124.0568
Ukraine,Adolescent fertility rate,2015,25.4078
Upper middle income,Adolescent fertility rate,2015,31.19688429
Uruguay,Adolescent fertility rate,2015,59.4974
United States,Adolescent fertility rate,2015,23.0908
Uzbekistan,Adolescent fertility rate,2015,23.79
St. Vincent and the Grenadines,Adolescent fertility rate,2015,51.2152
"Venezuela, RB",Adolescent fertility rate,2015,86.3302
British Virgin Islands,Adolescent fertility rate,2015,
Virgin Islands (U.S.),Adolescent fertility rate,2015,35.631
Vietnam,Adolescent fertility rate,2015,32.9818
Vanuatu,Adolescent fertility rate,2015,50.6798
World,Adolescent fertility rate,2015,44.25737764
Samoa,Adolescent fertility rate,2015,25.632
Kosovo,Adolescent fertility rate,2015,
"Yemen, Rep.",Adolescent fertility rate,2015,63.28
South Africa,Adolescent fertility rate,2015,69.5352
Zambia,Adolescent fertility rate,2015,126.7456
Zimbabwe,Adolescent fertility rate,2015,95.2182
Aruba,GDP,2015,25796.38025
Afghanistan,GDP,2015,578.4663529
Angola,GDP,2015,4166.979684
Albania,GDP,2015,3952.830781
Andorra,GDP,2015,36039.6535
Arab World,GDP,2015,6459.109379
United Arab Emirates,GDP,2015,38663.38381
Argentina,GDP,2015,13789.06042
Armenia,GDP,2015,3607.296697
American Samoa,GDP,2015,11843.33118
Antigua and Barbuda,GDP,2015,14526.58808
Australia,GDP,2015,56748.42026
Austria,GDP,2015,44176.67174
Azerbaijan,GDP,2015,5500.320497
Burundi,GDP,2015,305.5497728
Belgium,GDP,2015,40441.05204
Benin,GDP,2015,783.9630778
Burkina Faso,GDP,2015,575.3144542
Bangladesh,GDP,2015,1248.453398
Bulgaria,GDP,2015,6993.783483
Bahrain,GDP,2015,22688.9444
"Bahamas, The",GDP,2015,31512.85655
Bosnia and Herzegovina,GDP,2015,4727.277546
Belarus,GDP,2015,5949.106307
Belize,GDP,2015,4883.179011
Bermuda,GDP,2015,
Bolivia,GDP,2015,3035.972215
Brazil,GDP,2015,8814.000987
Barbados,GDP,2015,16066.4718
Brunei Darussalam,GDP,2015,31164.56203
Bhutan,GDP,2015,2829.891245
Botswana,GDP,2015,6799.875234
Central African Republic,GDP,2015,380.4042935
Canada,GDP,2015,43495.05439
Central Europe and the Baltics,GDP,2015,12467.45018
Switzerland,GDP,2015,82081.59712
Channel Islands,GDP,2015,
Chile,GDP,2015,13574.1715
China,GDP,2015,8033.388043
Cote d'Ivoire,GDP,2015,1426.457845
Cameroon,GDP,2015,1326.969277
"Congo, Dem. Rep.",GDP,2015,497.3169608
"Congo, Rep.",GDP,2015,1761.32357
Colombia,GDP,2015,6175.87603
Comoros,GDP,2015,1271.057042
Cabo Verde,GDP,2015,3043.013984
Costa Rica,GDP,2015,11299.13618
Caribbean small states,GDP,2015,9916.666674
Cuba,GDP,2015,7694.01192
Curacao,GDP,2015,19951.3279
Cayman Islands,GDP,2015,
Cyprus,GDP,2015,23217.48415
Czech Republic,GDP,2015,17715.61685
Germany,GDP,2015,41394.65816
Djibouti,GDP,2015,1787.4775
Dominica,GDP,2015,7597.750446
Denmark,GDP,2015,53254.856
Dominican Republic,GDP,2015,6691.71692
Algeria,GDP,2015,4177.888966
East Asia & Pacific (excluding high income),GDP,2015,6487.756902
Early-demographic dividend,GDP,2015,3291.528607
East Asia & Pacific,GDP,2015,9526.576304
Europe & Central Asia (excluding high income),GDP,2015,7517.912478
Europe & Central Asia,GDP,2015,22500.03684
Ecuador,GDP,2015,6124.491643
"Egypt, Arab Rep.",GDP,2015,3598.970948
Euro area,GDP,2015,34412.45439
Eritrea,GDP,2015,
Spain,GDP,2015,25817.38661
Estonia,GDP,2015,17412.44867
Ethiopia,GDP,2015,639.3043597
European Union,GDP,2015,32265.88088
Fragile and conflict affected situations,GDP,2015,1604.72826
Finland,GDP,2015,42494.65662
Fiji,GDP,2015,5390.745258
France,GDP,2015,36613.37522
Faroe Islands,GDP,2015,52404.65933
"Micronesia, Fed. Sts.",GDP,2015,2894.345011
Gabon,GDP,2015,7381.746749
United Kingdom,GDP,2015,44472.1517
Georgia,GDP,2015,3756.383768
Ghana,GDP,2015,1766.005701
Gibraltar,GDP,2015,
Guinea,GDP,2015,769.2560137
"Gambia, The",GDP,2015,668.3812029
Guinea-Bissau,GDP,2015,603.1585129
Equatorial Guinea,GDP,2015,11278.92894
Greece,GDP,2015,18167.77372
Grenada,GDP,2015,9096.870646
Greenland,GDP,2015,44536.40131
Guatemala,GDP,2015,3923.573344
Guam,GDP,2015,35278.92594
Guyana,GDP,2015,4166.134826
High income,GDP,2015,40165.80357
"Hong Kong SAR, China",GDP,2015,42431.88828
Honduras,GDP,2015,2286.200039
Heavily indebted poor countries (HIPC),GDP,2015,920.4532125
Croatia,GDP,2015,11780.13124
Haiti,GDP,2015,815.7282844
Hungary,GDP,2015,12503.68207
IBRD only,GDP,2015,5569.060182
IDA & IBRD total,GDP,2015,4525.228811
IDA total,GDP,2015,1373.110467
IDA blend,GDP,2015,1973.224112
Indonesia,GDP,2015,3331.695128
IDA only,GDP,2015,1057.633648
Isle of Man,GDP,2015,81606.28003
India,GDP,2015,1605.605431
Not classified,GDP,2015,
Ireland,GDP,2015,61995.42278
"Iran, Islamic Rep.",GDP,2015,4916.085938
Iraq,GDP,2015,4989.803075
Iceland,GDP,2015,52428.59576
Israel,GDP,2015,35855.27504
Italy,GDP,2015,30170.5166
Jamaica,GDP,2015,4892.897447
Jordan,GDP,2015,4097.411436
Japan,GDP,2015,34524.46986
Kazakhstan,GDP,2015,10510.77189
Kenya,GDP,2015,1336.883349
Kyrgyz Republic,GDP,2015,1121.082835
Cambodia,GDP,2015,1162.90492
Kiribati,GDP,2015,1542.57525
St. Kitts and Nevis,GDP,2015,18286.31939
"Korea, Rep.",GDP,2015,27105.07623
Kuwait,GDP,2015,29869.52939
Latin America & Caribbean (excluding high income),GDP,2015,8449.223414
Lao PDR,GDP,2015,2134.704224
Lebanon,GDP,2015,7649.832611
Liberia,GDP,2015,710.3838577
Libya,GDP,2015,4337.919139
St. Lucia,GDP,2015,9160.734157
Latin America & Caribbean,GDP,2015,8856.928817
Least developed countries: UN classification,GDP,2015,1020.578572
Low income,GDP,2015,792.2081299
Liechtenstein,GDP,2015,167290.94
Sri Lanka,GDP,2015,3843.780672
Lower middle income,GDP,2015,1995.940544
Low & middle income,GDP,2015,4418.337014
Lesotho,GDP,2015,1219.177853
Late-demographic dividend,GDP,2015,8192.357057
Lithuania,GDP,2015,14291.90642
Luxembourg,GDP,2015,100428.368
Latvia,GDP,2015,13639.69412
"Macao SAR, China",GDP,2015,75340.98698
St. Martin (French part),GDP,2015,
Morocco,GDP,2015,2875.257985
Monaco,GDP,2015,165920.2236
Moldova,GDP,2015,2179.233625
Madagascar,GDP,2015,402.0883118
Maldives,GDP,2015,9033.390413
Middle East & North Africa,GDP,2015,7388.593939
Mexico,GDP,2015,9605.952351
Marshall Islands,GDP,2015,3128.4998
Middle income,GDP,2015,4850.346612
North Macedonia,GDP,2015,4840.273123
Mali,GDP,2015,751.1704966
Malta,GDP,2015,24046.27535
Myanmar,GDP,2015,1133.002816
Middle East & North Africa (excluding high income),GDP,2015,3960.769906
Montenegro,GDP,2015,6514.272695
Mongolia,GDP,2015,3918.579174
Northern Mariana Islands,GDP,2015,16690.5701
Mozambique,GDP,2015,547.2380939
Mauritania,GDP,2015,1194.312515
Mauritius,GDP,2015,9260.447303
Malawi,GDP,2015,380.5970331
Malaysia,GDP,2015,9799.367531
North America,GDP,2015,55476.89671
Namibia,GDP,2015,5032.889762
New Caledonia,GDP,2015,
Niger,GDP,2015,360.8533841
Nigeria,GDP,2015,2730.430324
Nicaragua,GDP,2015,2049.851415
Netherlands,GDP,2015,45175.23189
Norway,GDP,2015,74521.56993
Nepal,GDP,2015,792.5528906
Nauru,GDP,2015,8013.14784
New Zealand,GDP,2015,38559.54704
OECD members,GDP,2015,36604.03621
Oman,GDP,2015,16150.88726
Other small states,GDP,2015,12832.04013
Pakistan,GDP,2015,1356.667731
Panama,GDP,2015,13630.30797
Peru,GDP,2015,6227.586716
Philippines,GDP,2015,2867.15199
Palau,GDP,2015,16593.48995
Papua New Guinea,GDP,2015,2679.326711
Poland,GDP,2015,12572.32185
Pre-demographic dividend,GDP,2015,1585.942265
Puerto Rico,GDP,2015,29764.05389
"Korea, Dem. People’s Rep.",GDP,2015,
Portugal,GDP,2015,19252.63495
Paraguay,GDP,2015,5406.703857
West Bank and Gaza,GDP,2015,2967.851747
Pacific island small states,GDP,2015,3782.032777
Post-demographic dividend,GDP,2015,40474.3376
French Polynesia,GDP,2015,
Qatar,GDP,2015,63039.01655
Romania,GDP,2015,8977.498544
Russian Federation,GDP,2015,9313.787542
Rwanda,GDP,2015,728.0817574
South Asia,GDP,2015,1541.835813
Saudi Arabia,GDP,2015,20627.93278
Sudan,GDP,2015,2486.745659
Senegal,GDP,2015,1218.764246
Singapore,GDP,2015,55646.61875
Solomon Islands,GDP,2015,1914.467926
Sierra Leone,GDP,2015,588.2284527
El Salvador,GDP,2015,3705.577946
San Marino,GDP,2015,45774.58789
Somalia,GDP,2015,293.4654226
Serbia,GDP,2015,5585.117808
Sub-Saharan Africa (excluding high income),GDP,2015,1668.215982
South Sudan,GDP,2015,1154.800949
Sub-Saharan Africa,GDP,2015,1669.443418
Small states,GDP,2015,11732.17339
Sao Tome and Principe,GDP,2015,1595.861423
Suriname,GDP,2015,8561.974179
Slovak Republic,GDP,2015,16182.30372
Slovenia,GDP,2015,20887.51964
Sweden,GDP,2015,50832.55271
Eswatini,GDP,2015,3641.408583
Sint Maarten (Dutch part),GDP,2015,
Seychelles,GDP,2015,14745.34146
Syrian Arab Republic,GDP,2015,
Turks and Caicos Islands,GDP,2015,24832.59637
Chad,GDP,2015,775.7075235
East Asia & Pacific (IDA & IBRD countries),GDP,2015,6556.420419
Europe & Central Asia (IDA & IBRD countries),GDP,2015,7981.267098
Togo,GDP,2015,570.6807371
Thailand,GDP,2015,5840.046948
Tajikistan,GDP,2015,929.0958572
Turkmenistan,GDP,2015,6432.680702
Latin America & the Caribbean (IDA & IBRD countries),GDP,2015,8716.406758
Timor-Leste,GDP,2015,2585.153878
Middle East & North Africa (IDA & IBRD countries),GDP,2015,3972.175733
Tonga,GDP,2015,4320.63799
South Asia (IDA & IBRD),GDP,2015,1541.835813
Sub-Saharan Africa (IDA & IBRD countries),GDP,2015,1669.443418
Trinidad and Tobago,GDP,2015,18332.49031
Tunisia,GDP,2015,3859.814436
Turkey,GDP,2015,10948.72461
Tuvalu,GDP,2015,3197.795645
Tanzania,GDP,2015,947.9334465
Uganda,GDP,2015,709.0210386
Ukraine,GDP,2015,2124.662666
Upper middle income,GDP,2015,8032.489459
Uruguay,GDP,2015,15613.76427
United States,GDP,2015,56803.47243
Uzbekistan,GDP,2015,2615.025134
St. Vincent and the Grenadines,GDP,2015,6921.40975
"Venezuela, RB",GDP,2015,
British Virgin Islands,GDP,2015,
Virgin Islands (U.S.),GDP,2015,34797.14047
Vietnam,GDP,2015,2085.101484
Vanuatu,GDP,2015,2721.635936
World,GDP,2015,10217.65601
Samoa,GDP,2015,4155.279353
Kosovo,GDP,2015,3574.543333
"Yemen, Rep.",GDP,2015,1608.744312
South Africa,GDP,2015,5730.934174
Zambia,GDP,2015,1332.194321
Zimbabwe,GDP,2015,1445.071062
Aruba,Adolescent fertility rate,2016,23.8416
Afghanistan,Adolescent fertility rate,2016,75.325
Angola,Adolescent fertility rate,2016,153.9008
Albania,Adolescent fertility rate,2016,19.8596
Andorra,Adolescent fertility rate,2016,
Arab World,Adolescent fertility rate,2016,47.50548913
United Arab Emirates,Adolescent fertility rate,2016,8.5908
Argentina,Adolescent fertility rate,2016,62.939
Armenia,Adolescent fertility rate,2016,22.1604
American Samoa,Adolescent fertility rate,2016,
Antigua and Barbuda,Adolescent fertility rate,2016,43.6256
Australia,Adolescent fertility rate,2016,11.8324
Austria,Adolescent fertility rate,2016,7.5648
Azerbaijan,Adolescent fertility rate,2016,54.5184
Burundi,Adolescent fertility rate,2016,56.61
Belgium,Adolescent fertility rate,2016,4.9266
Benin,Adolescent fertility rate,2016,88.1498
Burkina Faso,Adolescent fertility rate,2016,106.5448
Bangladesh,Adolescent fertility rate,2016,84.0906
Bulgaria,Adolescent fertility rate,2016,40.6392
Bahrain,Adolescent fertility rate,2016,13.493
"Bahamas, The",Adolescent fertility rate,2016,30.5602
Bosnia and Herzegovina,Adolescent fertility rate,2016,10.125
Belarus,Adolescent fertility rate,2016,15.8802
Belize,Adolescent fertility rate,2016,69.3254
Bermuda,Adolescent fertility rate,2016,
Bolivia,Adolescent fertility rate,2016,66.4978
Brazil,Adolescent fertility rate,2016,60.0994
Barbados,Adolescent fertility rate,2016,35.3818
Brunei Darussalam,Adolescent fertility rate,2016,11.1058
Bhutan,Adolescent fertility rate,2016,21.745
Botswana,Adolescent fertility rate,2016,46.4788
Central African Republic,Adolescent fertility rate,2016,130.9522
Canada,Adolescent fertility rate,2016,9.0084
Central Europe and the Baltics,Adolescent fertility rate,2016,19.86873567
Switzerland,Adolescent fertility rate,2016,2.911
Channel Islands,Adolescent fertility rate,2016,7.2438
Chile,Adolescent fertility rate,2016,43.602
China,Adolescent fertility rate,2016,7.5834
Cote d'Ivoire,Adolescent fertility rate,2016,118.9842
Cameroon,Adolescent fertility rate,2016,108.8318
"Congo, Dem. Rep.",Adolescent fertility rate,2016,125.2448
"Congo, Rep.",Adolescent fertility rate,2016,113.4524
Colombia,Adolescent fertility rate,2016,67.9844
Comoros,Adolescent fertility rate,2016,67.17
Cabo Verde,Adolescent fertility rate,2016,74.7374
Costa Rica,Adolescent fertility rate,2016,54.7214
Caribbean small states,Adolescent fertility rate,2016,52.83205438
Cuba,Adolescent fertility rate,2016,52.0242
Curacao,Adolescent fertility rate,2016,29.3708
Cayman Islands,Adolescent fertility rate,2016,
Cyprus,Adolescent fertility rate,2016,4.6978
Czech Republic,Adolescent fertility rate,2016,11.728
Germany,Adolescent fertility rate,2016,8.0886
Djibouti,Adolescent fertility rate,2016,19.4152
Dominica,Adolescent fertility rate,2016,
Denmark,Adolescent fertility rate,2016,4.1856
Dominican Republic,Adolescent fertility rate,2016,94.9256
Algeria,Adolescent fertility rate,2016,10.368
East Asia & Pacific (excluding high income),Adolescent fertility rate,2016,22.22011503
Early-demographic dividend,Adolescent fertility rate,2016,38.68420364
East Asia & Pacific,Adolescent fertility rate,2016,20.7301823
Europe & Central Asia (excluding high income),Adolescent fertility rate,2016,27.18529382
Europe & Central Asia,Adolescent fertility rate,2016,17.64146802
Ecuador,Adolescent fertility rate,2016,79.9576
"Egypt, Arab Rep.",Adolescent fertility rate,2016,54.207
Euro area,Adolescent fertility rate,2016,6.893647809
Eritrea,Adolescent fertility rate,2016,54.1058
Spain,Adolescent fertility rate,2016,7.9744
Estonia,Adolescent fertility rate,2016,9.3846
Ethiopia,Adolescent fertility rate,2016,68.9772
European Union,Adolescent fertility rate,2016,10.10931047
Fragile and conflict affected situations,Adolescent fertility rate,2016,88.64195197
Finland,Adolescent fertility rate,2016,6.135
Fiji,Adolescent fertility rate,2016,48.663
France,Adolescent fertility rate,2016,5.1112
Faroe Islands,Adolescent fertility rate,2016,
"Micronesia, Fed. Sts.",Adolescent fertility rate,2016,14.8504
Gabon,Adolescent fertility rate,2016,98.2148
United Kingdom,Adolescent fertility rate,2016,14.3918
Georgia,Adolescent fertility rate,2016,47.456
Ghana,Adolescent fertility rate,2016,67.644
Gibraltar,Adolescent fertility rate,2016,
Guinea,Adolescent fertility rate,2016,137.4098
"Gambia, The",Adolescent fertility rate,2016,80.7266
Guinea-Bissau,Adolescent fertility rate,2016,105.4184
Equatorial Guinea,Adolescent fertility rate,2016,157.8528
Greece,Adolescent fertility rate,2016,7.4862
Grenada,Adolescent fertility rate,2016,30.4132
Greenland,Adolescent fertility rate,2016,
Guatemala,Adolescent fertility rate,2016,72.4582
Guam,Adolescent fertility rate,2016,33.11
Guyana,Adolescent fertility rate,2016,76.118
High income,Adolescent fertility rate,2016,13.26073984
"Hong Kong SAR, China",Adolescent fertility rate,2016,2.7682
Honduras,Adolescent fertility rate,2016,74.3484
Heavily indebted poor countries (HIPC),Adolescent fertility rate,2016,103.5626598
Croatia,Adolescent fertility rate,2016,9.1792
Haiti,Adolescent fertility rate,2016,52.854
Hungary,Adolescent fertility rate,2016,23.2462
IBRD only,Adolescent fertility rate,2016,29.48938578
IDA & IBRD total,Adolescent fertility rate,2016,47.33632509
IDA total,Adolescent fertility rate,2016,85.70359501
IDA blend,Adolescent fertility rate,2016,72.62883648
Indonesia,Adolescent fertility rate,2016,47.9942
IDA only,Adolescent fertility rate,2016,92.09778251
Isle of Man,Adolescent fertility rate,2016,
India,Adolescent fertility rate,2016,16.152
Not classified,Adolescent fertility rate,2016,
Ireland,Adolescent fertility rate,2016,8.1676
"Iran, Islamic Rep.",Adolescent fertility rate,2016,39.4222
Iraq,Adolescent fertility rate,2016,73.285
Iceland,Adolescent fertility rate,2016,6.8872
Israel,Adolescent fertility rate,2016,9.9942
Italy,Adolescent fertility rate,2016,5.3708
Jamaica,Adolescent fertility rate,2016,54.3564
Jordan,Adolescent fertility rate,2016,26.3184
Japan,Adolescent fertility rate,2016,3.9198
Kazakhstan,Adolescent fertility rate,2016,30.062
Kenya,Adolescent fertility rate,2016,77.293
Kyrgyz Republic,Adolescent fertility rate,2016,35.014
Cambodia,Adolescent fertility rate,2016,49.9048
Kiribati,Adolescent fertility rate,2016,17.1684
St. Kitts and Nevis,Adolescent fertility rate,2016,
"Korea, Rep.",Adolescent fertility rate,2016,1.4564
Kuwait,Adolescent fertility rate,2016,8.4444
Latin America & Caribbean (excluding high income),Adolescent fertility rate,2016,64.73229828
Lao PDR,Adolescent fertility rate,2016,65.8612
Lebanon,Adolescent fertility rate,2016,14.8948
Liberia,Adolescent fertility rate,2016,136.578
Libya,Adolescent fertility rate,2016,5.8402
St. Lucia,Adolescent fertility rate,2016,41.2616
Latin America & Caribbean,Adolescent fertility rate,2016,64.08009251
Least developed countries: UN classification,Adolescent fertility rate,2016,95.5620088
Low income,Adolescent fertility rate,2016,99.04845242
Liechtenstein,Adolescent fertility rate,2016,
Sri Lanka,Adolescent fertility rate,2016,21.1102
Lower middle income,Adolescent fertility rate,2016,43.85118607
Low & middle income,Adolescent fertility rate,2016,47.30683033
Lesotho,Adolescent fertility rate,2016,91.9832
Late-demographic dividend,Adolescent fertility rate,2016,21.33685606
Lithuania,Adolescent fertility rate,2016,11.3688
Luxembourg,Adolescent fertility rate,2016,5.0624
Latvia,Adolescent fertility rate,2016,15.9946
"Macao SAR, China",Adolescent fertility rate,2016,2.546
St. Martin (French part),Adolescent fertility rate,2016,
Morocco,Adolescent fertility rate,2016,31.5508
Monaco,Adolescent fertility rate,2016,
Moldova,Adolescent fertility rate,2016,23.0854
Madagascar,Adolescent fertility rate,2016,111.6784
Maldives,Adolescent fertility rate,2016,8.4072
Middle East & North Africa,Adolescent fertility rate,2016,40.24269905
Mexico,Adolescent fertility rate,2016,61.486
Marshall Islands,Adolescent fertility rate,2016,
Middle income,Adolescent fertility rate,2016,38.79651393
North Macedonia,Adolescent fertility rate,2016,16.1822
Mali,Adolescent fertility rate,2016,171.0826
Malta,Adolescent fertility rate,2016,12.9606
Myanmar,Adolescent fertility rate,2016,28.7724
Middle East & North Africa (excluding high income),Adolescent fertility rate,2016,44.09890258
Montenegro,Adolescent fertility rate,2016,10.1164
Mongolia,Adolescent fertility rate,2016,30.1106
Northern Mariana Islands,Adolescent fertility rate,2016,
Mozambique,Adolescent fertility rate,2016,150.7298
Mauritania,Adolescent fertility rate,2016,72.6426
Mauritius,Adolescent fertility rate,2016,26.2642
Malawi,Adolescent fertility rate,2016,134.9854
Malaysia,Adolescent fertility rate,2016,13.361
North America,Adolescent fertility rate,2016,20.37352578
Namibia,Adolescent fertility rate,2016,66.698
New Caledonia,Adolescent fertility rate,2016,15.4026
Niger,Adolescent fertility rate,2016,189.379
Nigeria,Adolescent fertility rate,2016,109.274
Nicaragua,Adolescent fertility rate,2016,86.7808
Netherlands,Adolescent fertility rate,2016,3.92
Norway,Adolescent fertility rate,2016,5.3206
Nepal,Adolescent fertility rate,2016,67.3106
Nauru,Adolescent fertility rate,2016,
New Zealand,Adolescent fertility rate,2016,20.0018
OECD members,Adolescent fertility rate,2016,21.12760459
Oman,Adolescent fertility rate,2016,13.4434
Other small states,Adolescent fertility rate,2016,62.47311307
Pakistan,Adolescent fertility rate,2016,39.3426
Panama,Adolescent fertility rate,2016,82.8346
Peru,Adolescent fertility rate,2016,57.9692
Philippines,Adolescent fertility rate,2016,54.779
Palau,Adolescent fertility rate,2016,
Papua New Guinea,Adolescent fertility rate,2016,53.4388
Poland,Adolescent fertility rate,2016,11.297
Pre-demographic dividend,Adolescent fertility rate,2016,111.0213908
Puerto Rico,Adolescent fertility rate,2016,32.3972
"Korea, Dem. People’s Rep.",Adolescent fertility rate,2016,0.2882
Portugal,Adolescent fertility rate,2016,8.9868
Paraguay,Adolescent fertility rate,2016,70.9886
West Bank and Gaza,Adolescent fertility rate,2016,54.3712
Pacific island small states,Adolescent fertility rate,2016,50.17629672
Post-demographic dividend,Adolescent fertility rate,2016,13.39717628
French Polynesia,Adolescent fertility rate,2016,39.1822
Qatar,Adolescent fertility rate,2016,10.1912
Romania,Adolescent fertility rate,2016,36.281
Russian Federation,Adolescent fertility rate,2016,21.8432
Rwanda,Adolescent fertility rate,2016,39.4002
South Asia,Adolescent fertility rate,2016,28.1174953
Saudi Arabia,Adolescent fertility rate,2016,7.9412
Sudan,Adolescent fertility rate,2016,67.196
Senegal,Adolescent fertility rate,2016,74.9002
Singapore,Adolescent fertility rate,2016,3.6058
Solomon Islands,Adolescent fertility rate,2016,78.003
Sierra Leone,Adolescent fertility rate,2016,115.5808
El Salvador,Adolescent fertility rate,2016,70.2702
San Marino,Adolescent fertility rate,2016,
Somalia,Adolescent fertility rate,2016,102.1432
Serbia,Adolescent fertility rate,2016,15.5176
Sub-Saharan Africa (excluding high income),Adolescent fertility rate,2016,104.5783017
South Sudan,Adolescent fertility rate,2016,65.2468
Sub-Saharan Africa,Adolescent fertility rate,2016,104.5758405
Small states,Adolescent fertility rate,2016,59.9061826
Sao Tome and Principe,Adolescent fertility rate,2016,95.7772
Suriname,Adolescent fertility rate,2016,62.422
Slovak Republic,Adolescent fertility rate,2016,25.04
Slovenia,Adolescent fertility rate,2016,3.9668
Sweden,Adolescent fertility rate,2016,5.1434
Eswatini,Adolescent fertility rate,2016,77.318
Sint Maarten (Dutch part),Adolescent fertility rate,2016,
Seychelles,Adolescent fertility rate,2016,61.9018
Syrian Arab Republic,Adolescent fertility rate,2016,39.5312
Turks and Caicos Islands,Adolescent fertility rate,2016,
Chad,Adolescent fertility rate,2016,164.516
East Asia & Pacific (IDA & IBRD countries),Adolescent fertility rate,2016,22.53080615
Europe & Central Asia (IDA & IBRD countries),Adolescent fertility rate,2016,25.90521133
Togo,Adolescent fertility rate,2016,89.6202
Thailand,Adolescent fertility rate,2016,46.239
Tajikistan,Adolescent fertility rate,2016,55.7464
Turkmenistan,Adolescent fertility rate,2016,24.8254
Latin America & the Caribbean (IDA & IBRD countries),Adolescent fertility rate,2016,64.41353275
Timor-Leste,Adolescent fertility rate,2016,34.7982
Middle East & North Africa (IDA & IBRD countries),Adolescent fertility rate,2016,43.94097382
Tonga,Adolescent fertility rate,2016,15.05
South Asia (IDA & IBRD),Adolescent fertility rate,2016,28.1174953
Sub-Saharan Africa (IDA & IBRD countries),Adolescent fertility rate,2016,104.5758405
Trinidad and Tobago,Adolescent fertility rate,2016,31.033
Tunisia,Adolescent fertility rate,2016,7.7908
Turkey,Adolescent fertility rate,2016,27.4958
Tuvalu,Adolescent fertility rate,2016,
Tanzania,Adolescent fertility rate,2016,119.34
Uganda,Adolescent fertility rate,2016,121.4464
Ukraine,Adolescent fertility rate,2016,24.5594
Upper middle income,Adolescent fertility rate,2016,30.97681357
Uruguay,Adolescent fertility rate,2016,59.1122
United States,Adolescent fertility rate,2016,21.4754
Uzbekistan,Adolescent fertility rate,2016,23.79
St. Vincent and the Grenadines,Adolescent fertility rate,2016,50.1176
"Venezuela, RB",Adolescent fertility rate,2016,85.8336
British Virgin Islands,Adolescent fertility rate,2016,
Virgin Islands (U.S.),Adolescent fertility rate,2016,32.259
Vietnam,Adolescent fertility rate,2016,31.9554
Vanuatu,Adolescent fertility rate,2016,50.0584
World,Adolescent fertility rate,2016,43.36176436
Samoa,Adolescent fertility rate,2016,24.759
Kosovo,Adolescent fertility rate,2016,
"Yemen, Rep.",Adolescent fertility rate,2016,61.816
South Africa,Adolescent fertility rate,2016,68.7216
Zambia,Adolescent fertility rate,2016,123.4288
Zimbabwe,Adolescent fertility rate,2016,90.6766
Aruba,GDP,2016,25239.60041
Afghanistan,GDP,2016,547.2281102
Angola,GDP,2016,3506.072885
Albania,GDP,2016,4124.108543
Andorra,GDP,2016,37224.10892
Arab World,GDP,2016,6202.890459
United Arab Emirates,GDP,2016,38141.84676
Argentina,GDP,2016,12790.24247
Armenia,GDP,2016,3591.829276
American Samoa,GDP,2016,11714.89568
Antigua and Barbuda,GDP,2016,15494.30547
Australia,GDP,2016,50019.96777
Austria,GDP,2016,45103.32981
Azerbaijan,GDP,2016,3880.738731
Burundi,GDP,2016,282.1496815
Belgium,GDP,2016,41449.09736
Benin,GDP,2016,788.5491965
Burkina Faso,GDP,2016,583.8326203
Bangladesh,GDP,2016,1401.620628
Bulgaria,GDP,2016,7469.455638
Bahrain,GDP,2016,22619.11667
"Bahamas, The",GDP,2016,31325.29483
Bosnia and Herzegovina,GDP,2016,4994.68314
Belarus,GDP,2016,5022.626643
Belize,GDP,2016,4904.034338
Bermuda,GDP,2016,
Bolivia,GDP,2016,3076.658949
Brazil,GDP,2016,8712.887044
Barbados,GDP,2016,15847.14272
Brunei Darussalam,GDP,2016,27157.34623
Bhutan,GDP,2016,3012.961401
Botswana,GDP,2016,7243.856017
Central African Republic,GDP,2016,406.5319611
Canada,GDP,2016,42279.90082
Central Europe and the Baltics,GDP,2016,12773.78384
Switzerland,GDP,2016,80037.50304
Channel Islands,GDP,2016,
Chile,GDP,2016,13748.0884
China,GDP,2016,8078.790474
Cote d'Ivoire,GDP,2016,1481.652305
Cameroon,GDP,2016,1363.403851
"Congo, Dem. Rep.",GDP,2016,471.3188404
"Congo, Rep.",GDP,2016,1814.063418
Colombia,GDP,2016,5871.223524
Comoros,GDP,2016,1287.420965
Cabo Verde,GDP,2016,3130.963385
Costa Rica,GDP,2016,11666.45661
Caribbean small states,GDP,2016,9242.035178
Cuba,GDP,2016,8060.795886
Curacao,GDP,2016,19555.36585
Cayman Islands,GDP,2016,
Cyprus,GDP,2016,24019.13787
Czech Republic,GDP,2016,18463.38658
Germany,GDP,2016,42443.46507
Djibouti,GDP,2016,1898.87599
Dominica,GDP,2016,8070.290917
Denmark,GDP,2016,54467.10452
Dominican Republic,GDP,2016,6957.564507
Algeria,GDP,2016,3948.811897
East Asia & Pacific (excluding high income),GDP,2016,6554.791243
Early-demographic dividend,GDP,2016,3321.457299
East Asia & Pacific,GDP,2016,9766.122869
Europe & Central Asia (excluding high income),GDP,2016,7161.513553
Europe & Central Asia,GDP,2016,22328.77633
Ecuador,GDP,2016,6060.093329
"Egypt, Arab Rep.",GDP,2016,3525.020165
Euro area,GDP,2016,35175.70108
Eritrea,GDP,2016,
Spain,GDP,2016,26622.29914
Estonia,GDP,2016,18228.05825
Ethiopia,GDP,2016,716.8800387
European Union,GDP,2016,32376.28376
Fragile and conflict affected situations,GDP,2016,1505.914919
Finland,GDP,2016,43493.41934
Fiji,GDP,2016,5647.347365
France,GDP,2016,36962.22229
Faroe Islands,GDP,2016,55822.91472
"Micronesia, Fed. Sts.",GDP,2016,2993.200563
Gabon,GDP,2016,6979.709196
United Kingdom,GDP,2016,40539.91961
Georgia,GDP,2016,3857.281728
Ghana,GDP,2016,1931.38947
Gibraltar,GDP,2016,
Guinea,GDP,2016,733.0207588
"Gambia, The",GDP,2016,671.1052855
Guinea-Bissau,GDP,2016,661.0076549
Equatorial Guinea,GDP,2016,9244.051798
Greece,GDP,2016,18116.45962
Grenada,GDP,2016,9628.347487
Greenland,GDP,2016,48295.56244
Guatemala,GDP,2016,4140.590064
Guam,GDP,2016,35550.56428
Guyana,GDP,2016,4542.622067
High income,GDP,2016,40761.64977
"Hong Kong SAR, China",GDP,2016,43734.24999
Honduras,GDP,2016,2326.297027
Heavily indebted poor countries (HIPC),GDP,2016,917.3080522
Croatia,GDP,2016,12366.82154
Haiti,GDP,2016,735.7551202
Hungary,GDP,2016,12839.58454
IBRD only,GDP,2016,5547.990636
IDA & IBRD total,GDP,2016,4483.588036
IDA total,GDP,2016,1309.391769
IDA blend,GDP,2016,1787.140292
Indonesia,GDP,2016,3562.845756
IDA only,GDP,2016,1061.022241
Isle of Man,GDP,2016,79155.54167
India,GDP,2016,1729.268021
Not classified,GDP,2016,
Ireland,GDP,2016,63197.08237
"Iran, Islamic Rep.",GDP,2016,5265.906635
Iraq,GDP,2016,4649.468115
Iceland,GDP,2016,61757.94931
Israel,GDP,2016,37371.62691
Italy,GDP,2016,30830.92266
Jamaica,GDP,2016,4842.045011
Jordan,GDP,2016,4109.574819
Japan,GDP,2016,38794.33094
Kazakhstan,GDP,2016,7714.841844
Kenya,GDP,2016,1410.527571
Kyrgyz Republic,GDP,2016,1120.666513
Cambodia,GDP,2016,1269.591257
Kiribati,GDP,2016,1584.807446
St. Kitts and Nevis,GDP,2016,18575.75173
"Korea, Rep.",GDP,2016,27608.24743
Kuwait,GDP,2016,27653.1644
Latin America & Caribbean (excluding high income),GDP,2016,8131.541009
Lao PDR,GDP,2016,2308.802616
Lebanon,GDP,2016,7634.946544
Liberia,GDP,2016,714.6233922
Libya,GDP,2016,4038.970683
St. Lucia,GDP,2016,9377.886858
Latin America & Caribbean,GDP,2016,8561.875358
Least developed countries: UN classification,GDP,2016,997.1653259
Low income,GDP,2016,737.9746148
Liechtenstein,GDP,2016,165028.245
Sri Lanka,GDP,2016,3886.291502
Lower middle income,GDP,2016,2049.093225
Low & middle income,GDP,2016,4378.227913
Lesotho,GDP,2016,1119.719758
Late-demographic dividend,GDP,2016,8141.932255
Lithuania,GDP,2016,14982.53305
Luxembourg,GDP,2016,101305.5277
Latvia,GDP,2016,14133.68295
"Macao SAR, China",GDP,2016,73954.95677
St. Martin (French part),GDP,2016,
Morocco,GDP,2016,2897.66344
Monaco,GDP,2016,169904.1821
Moldova,GDP,2016,2272.405707
Madagascar,GDP,2016,400.0362751
Maldives,GDP,2016,9282.723553
Middle East & North Africa,GDP,2016,7264.079568
Mexico,GDP,2016,8739.142471
Marshall Islands,GDP,2016,3368.804018
Middle income,GDP,2016,4817.176095
North Macedonia,GDP,2016,5129.15896
Mali,GDP,2016,779.874933
Malta,GDP,2016,25128.93738
Myanmar,GDP,2016,1192.495338
Middle East & North Africa (excluding high income),GDP,2016,3924.923357
Montenegro,GDP,2016,7028.936577
Mongolia,GDP,2016,3660.150746
Northern Mariana Islands,GDP,2016,22246.74308
Mozambique,GDP,2016,391.5528948
Mauritania,GDP,2016,1135.558646
Mauritius,GDP,2016,9681.618567
Malawi,GDP,2016,315.7773264
Malaysia,GDP,2016,9671.024717
North America,GDP,2016,56340.17651
Namibia,GDP,2016,4786.235303
New Caledonia,GDP,2016,
Niger,GDP,2016,362.1311323
Nigeria,GDP,2016,2175.99967
Nicaragua,GDP,2016,2107.574238
Netherlands,GDP,2016,46007.85292
Norway,GDP,2016,70941.52527
Nepal,GDP,2016,777.1475955
Nauru,GDP,2016,7820.909491
New Zealand,GDP,2016,40026.8522
OECD members,GDP,2016,37069.22631
Oman,GDP,2016,14721.64733
Other small states,GDP,2016,12404.20144
Pakistan,GDP,2016,1368.454326
Panama,GDP,2016,14356.32405
Peru,GDP,2016,6205.3709
Philippines,GDP,2016,2941.21204
Palau,GDP,2016,17150.04231
Papua New Guinea,GDP,2016,2509.629007
Poland,GDP,2016,12431.57542
Pre-demographic dividend,GDP,2016,1403.453447
Puerto Rico,GDP,2016,30628.75478
"Korea, Dem. People’s Rep.",GDP,2016,
Portugal,GDP,2016,19977.39849
Paraguay,GDP,2016,5319.410218
West Bank and Gaza,GDP,2016,3074.291152
Pacific island small states,GDP,2016,3885.782088
Post-demographic dividend,GDP,2016,41182.42805
French Polynesia,GDP,2016,
Qatar,GDP,2016,57163.06099
Romania,GDP,2016,9567.097782
Russian Federation,GDP,2016,8745.375116
Rwanda,GDP,2016,726.353049
South Asia,GDP,2016,1648.678479
Saudi Arabia,GDP,2016,19879.29753
Sudan,GDP,2016,2398.10188
Senegal,GDP,2016,1269.040407
Singapore,GDP,2016,56724.17039
Solomon Islands,GDP,2016,1990.031497
Sierra Leone,GDP,2016,501.4157129
El Salvador,GDP,2016,3800.122181
San Marino,GDP,2016,46692.35109
Somalia,GDP,2016,295.9336538
Serbia,GDP,2016,5756.381194
Sub-Saharan Africa (excluding high income),GDP,2016,1510.048357
South Sudan,GDP,2016,283.4878017
Sub-Saharan Africa,GDP,2016,1511.3049
Small states,GDP,2016,11298.81941
Sao Tome and Principe,GDP,2016,1710.133948
Suriname,GDP,2016,5606.712075
Slovak Republic,GDP,2016,16544.22781
Slovenia,GDP,2016,21617.57985
Sweden,GDP,2016,51617.54035
Eswatini,GDP,2016,3426.826597
Sint Maarten (Dutch part),GDP,2016,
Seychelles,GDP,2016,15077.83902
Syrian Arab Republic,GDP,2016,
Turks and Caicos Islands,GDP,2016,25995.17246
Chad,GDP,2016,692.9785958
East Asia & Pacific (IDA & IBRD countries),GDP,2016,6623.978189
Europe & Central Asia (IDA & IBRD countries),GDP,2016,7648.518446
Togo,GDP,2016,587.8744094
Thailand,GDP,2016,5978.611454
Tajikistan,GDP,2016,802.5180041
Turkmenistan,GDP,2016,6389.548408
Latin America & the Caribbean (IDA & IBRD countries),GDP,2016,8404.752742
Timor-Leste,GDP,2016,2053.273798
Middle East & North Africa (IDA & IBRD countries),GDP,2016,3934.616702
Tonga,GDP,2016,3966.15652
South Asia (IDA & IBRD),GDP,2016,1648.678479
Sub-Saharan Africa (IDA & IBRD countries),GDP,2016,1511.3049
Trinidad and Tobago,GDP,2016,15786.12052
Tunisia,GDP,2016,3698.565075
Turkey,GDP,2016,10820.63384
Tuvalu,GDP,2016,3255.894866
Tanzania,GDP,2016,966.4746224
Uganda,GDP,2016,608.7057351
Ukraine,GDP,2016,2187.731997
Upper middle income,GDP,2016,7921.734348
Uruguay,GDP,2016,15387.14403
United States,GDP,2016,57904.20196
Uzbekistan,GDP,2016,2567.799418
St. Vincent and the Grenadines,GDP,2016,7041.560804
"Venezuela, RB",GDP,2016,
British Virgin Islands,GDP,2016,
Virgin Islands (U.S.),GDP,2016,35931.54125
Vietnam,GDP,2016,2192.214539
Vanuatu,GDP,2016,2830.965284
World,GDP,2016,10247.93623
Samoa,GDP,2016,4043.694
Kosovo,GDP,2016,3697.121677
"Yemen, Rep.",GDP,2016,1139.870568
South Africa,GDP,2016,5272.627749
Zambia,GDP,2016,1280.578447
Zimbabwe,GDP,2016,1464.583529
Aruba,Adolescent fertility rate,2017,22.674
Afghanistan,Adolescent fertility rate,2017,68.957
Angola,Adolescent fertility rate,2017,150.526
Albania,Adolescent fertility rate,2017,19.642
Andorra,Adolescent fertility rate,2017,
Arab World,Adolescent fertility rate,2017,46.68885146
United Arab Emirates,Adolescent fertility rate,2017,6.546
Argentina,Adolescent fertility rate,2017,62.782
Armenia,Adolescent fertility rate,2017,21.49
American Samoa,Adolescent fertility rate,2017,
Antigua and Barbuda,Adolescent fertility rate,2017,42.782
Australia,Adolescent fertility rate,2017,11.715
Austria,Adolescent fertility rate,2017,7.34
Azerbaijan,Adolescent fertility rate,2017,55.838
Burundi,Adolescent fertility rate,2017,55.59
Belgium,Adolescent fertility rate,2017,4.651
Benin,Adolescent fertility rate,2017,86.096
Burkina Faso,Adolescent fertility rate,2017,104.329
Bangladesh,Adolescent fertility rate,2017,82.962
Bulgaria,Adolescent fertility rate,2017,39.86
Bahrain,Adolescent fertility rate,2017,13.368
"Bahamas, The",Adolescent fertility rate,2017,30.001
Bosnia and Herzegovina,Adolescent fertility rate,2017,9.642
Belarus,Adolescent fertility rate,2017,14.507
Belize,Adolescent fertility rate,2017,68.487
Bermuda,Adolescent fertility rate,2017,
Bolivia,Adolescent fertility rate,2017,64.9
Brazil,Adolescent fertility rate,2017,59.111
Barbados,Adolescent fertility rate,2017,33.55
Brunei Darussalam,Adolescent fertility rate,2017,10.272
Bhutan,Adolescent fertility rate,2017,20.184
Botswana,Adolescent fertility rate,2017,46.061
Central African Republic,Adolescent fertility rate,2017,129.074
Canada,Adolescent fertility rate,2017,8.387
Central Europe and the Baltics,Adolescent fertility rate,2017,19.67908304
Switzerland,Adolescent fertility rate,2017,2.763
Channel Islands,Adolescent fertility rate,2017,6.864
Chile,Adolescent fertility rate,2017,41.052
China,Adolescent fertility rate,2017,7.635
Cote d'Ivoire,Adolescent fertility rate,2017,117.627
Cameroon,Adolescent fertility rate,2017,105.8
"Congo, Dem. Rep.",Adolescent fertility rate,2017,124.22
"Congo, Rep.",Adolescent fertility rate,2017,112.229
Colombia,Adolescent fertility rate,2017,66.651
Comoros,Adolescent fertility rate,2017,65.351
Cabo Verde,Adolescent fertility rate,2017,73.759
Costa Rica,Adolescent fertility rate,2017,53.46
Caribbean small states,Adolescent fertility rate,2017,51.47586514
Cuba,Adolescent fertility rate,2017,51.592
Curacao,Adolescent fertility rate,2017,27.942
Cayman Islands,Adolescent fertility rate,2017,
Cyprus,Adolescent fertility rate,2017,4.582
Czech Republic,Adolescent fertility rate,2017,11.972
Germany,Adolescent fertility rate,2017,8.095
Djibouti,Adolescent fertility rate,2017,18.841
Dominica,Adolescent fertility rate,2017,
Denmark,Adolescent fertility rate,2017,4.123
Dominican Republic,Adolescent fertility rate,2017,94.26
Algeria,Adolescent fertility rate,2017,10.071
East Asia & Pacific (excluding high income),Adolescent fertility rate,2017,22.14120926
Early-demographic dividend,Adolescent fertility rate,2017,36.98228784
East Asia & Pacific,Adolescent fertility rate,2017,20.66823116
Europe & Central Asia (excluding high income),Adolescent fertility rate,2017,26.46074373
Europe & Central Asia,Adolescent fertility rate,2017,17.0931735
Ecuador,Adolescent fertility rate,2017,79.261
"Egypt, Arab Rep.",Adolescent fertility rate,2017,53.819
Euro area,Adolescent fertility rate,2017,6.673134152
Eritrea,Adolescent fertility rate,2017,52.553
Spain,Adolescent fertility rate,2017,7.725
Estonia,Adolescent fertility rate,2017,7.698
Ethiopia,Adolescent fertility rate,2017,66.727
European Union,Adolescent fertility rate,2017,9.736329752
Fragile and conflict affected situations,Adolescent fertility rate,2017,87.17450683
Finland,Adolescent fertility rate,2017,5.813
Fiji,Adolescent fertility rate,2017,49.353
France,Adolescent fertility rate,2017,4.727
Faroe Islands,Adolescent fertility rate,2017,
"Micronesia, Fed. Sts.",Adolescent fertility rate,2017,13.924
Gabon,Adolescent fertility rate,2017,96.227
United Kingdom,Adolescent fertility rate,2017,13.37
Georgia,Adolescent fertility rate,2017,46.408
Ghana,Adolescent fertility rate,2017,66.611
Gibraltar,Adolescent fertility rate,2017,
Guinea,Adolescent fertility rate,2017,135.294
"Gambia, The",Adolescent fertility rate,2017,78.185
Guinea-Bissau,Adolescent fertility rate,2017,104.823
Equatorial Guinea,Adolescent fertility rate,2017,155.622
Greece,Adolescent fertility rate,2017,7.223
Grenada,Adolescent fertility rate,2017,29.177
Greenland,Adolescent fertility rate,2017,
Guatemala,Adolescent fertility rate,2017,70.93
Guam,Adolescent fertility rate,2017,31.713
Guyana,Adolescent fertility rate,2017,74.382
High income,Adolescent fertility rate,2017,12.51442494
"Hong Kong SAR, China",Adolescent fertility rate,2017,2.705
Honduras,Adolescent fertility rate,2017,72.912
Heavily indebted poor countries (HIPC),Adolescent fertility rate,2017,101.6108324
Croatia,Adolescent fertility rate,2017,8.681
Haiti,Adolescent fertility rate,2017,51.676
Hungary,Adolescent fertility rate,2017,23.979
IBRD only,Adolescent fertility rate,2017,28.24988936
IDA & IBRD total,Adolescent fertility rate,2017,46.36324673
IDA total,Adolescent fertility rate,2017,84.46150463
IDA blend,Adolescent fertility rate,2017,71.69491225
Indonesia,Adolescent fertility rate,2017,47.374
IDA only,Adolescent fertility rate,2017,90.69002956
Isle of Man,Adolescent fertility rate,2017,
India,Adolescent fertility rate,2017,13.177
Not classified,Adolescent fertility rate,2017,
Ireland,Adolescent fertility rate,2017,7.515
"Iran, Islamic Rep.",Adolescent fertility rate,2017,40.635
Iraq,Adolescent fertility rate,2017,71.733
Iceland,Adolescent fertility rate,2017,6.269
Israel,Adolescent fertility rate,2017,9.607
Italy,Adolescent fertility rate,2017,5.24
Jamaica,Adolescent fertility rate,2017,52.757
Jordan,Adolescent fertility rate,2017,25.877
Japan,Adolescent fertility rate,2017,3.78
Kazakhstan,Adolescent fertility rate,2017,29.75
Kenya,Adolescent fertility rate,2017,75.078
Kyrgyz Republic,Adolescent fertility rate,2017,32.763
Cambodia,Adolescent fertility rate,2017,50.177
Kiribati,Adolescent fertility rate,2017,16.177
St. Kitts and Nevis,Adolescent fertility rate,2017,
"Korea, Rep.",Adolescent fertility rate,2017,1.379
Kuwait,Adolescent fertility rate,2017,8.194
Latin America & Caribbean (excluding high income),Adolescent fertility rate,2017,63.72442549
Lao PDR,Adolescent fertility rate,2017,65.41
Lebanon,Adolescent fertility rate,2017,14.5
Liberia,Adolescent fertility rate,2017,135.962
Libya,Adolescent fertility rate,2017,5.769
St. Lucia,Adolescent fertility rate,2017,40.536
Latin America & Caribbean,Adolescent fertility rate,2017,63.04329228
Least developed countries: UN classification,Adolescent fertility rate,2017,93.99906341
Low income,Adolescent fertility rate,2017,97.5156845
Liechtenstein,Adolescent fertility rate,2017,
Sri Lanka,Adolescent fertility rate,2017,20.926
Lower middle income,Adolescent fertility rate,2017,42.15844557
Low & middle income,Adolescent fertility rate,2017,46.33479406
Lesotho,Adolescent fertility rate,2017,92.726
Late-demographic dividend,Adolescent fertility rate,2017,21.02959013
Lithuania,Adolescent fertility rate,2017,10.854
Luxembourg,Adolescent fertility rate,2017,4.727
Latvia,Adolescent fertility rate,2017,16.171
"Macao SAR, China",Adolescent fertility rate,2017,2.381
St. Martin (French part),Adolescent fertility rate,2017,
Morocco,Adolescent fertility rate,2017,31.034
Monaco,Adolescent fertility rate,2017,
Moldova,Adolescent fertility rate,2017,22.415
Madagascar,Adolescent fertility rate,2017,109.59
Maldives,Adolescent fertility rate,2017,7.81
Middle East & North Africa,Adolescent fertility rate,2017,39.97067811
Mexico,Adolescent fertility rate,2017,60.365
Marshall Islands,Adolescent fertility rate,2017,
Middle income,Adolescent fertility rate,2017,37.71535545
North Macedonia,Adolescent fertility rate,2017,15.723
Mali,Adolescent fertility rate,2017,169.127
Malta,Adolescent fertility rate,2017,12.879
Myanmar,Adolescent fertility rate,2017,28.509
Middle East & North Africa (excluding high income),Adolescent fertility rate,2017,43.89061607
Montenegro,Adolescent fertility rate,2017,9.313
Mongolia,Adolescent fertility rate,2017,30.993
Northern Mariana Islands,Adolescent fertility rate,2017,
Mozambique,Adolescent fertility rate,2017,148.626
Mauritania,Adolescent fertility rate,2017,71.049
Mauritius,Adolescent fertility rate,2017,25.735
Malawi,Adolescent fertility rate,2017,132.671
Malaysia,Adolescent fertility rate,2017,13.414
North America,Adolescent fertility rate,2017,18.85597391
Namibia,Adolescent fertility rate,2017,63.627
New Caledonia,Adolescent fertility rate,2017,14.83
Niger,Adolescent fertility rate,2017,186.538
Nigeria,Adolescent fertility rate,2017,107.33
Nicaragua,Adolescent fertility rate,2017,84.99
Netherlands,Adolescent fertility rate,2017,3.788
Norway,Adolescent fertility rate,2017,5.141
Nepal,Adolescent fertility rate,2017,65.121
Nauru,Adolescent fertility rate,2017,
New Zealand,Adolescent fertility rate,2017,19.27
OECD members,Adolescent fertility rate,2017,20.34621465
Oman,Adolescent fertility rate,2017,13.056
Other small states,Adolescent fertility rate,2017,61.55142208
Pakistan,Adolescent fertility rate,2017,38.802
Panama,Adolescent fertility rate,2017,81.828
Peru,Adolescent fertility rate,2017,56.882
Philippines,Adolescent fertility rate,2017,54.154
Palau,Adolescent fertility rate,2017,
Papua New Guinea,Adolescent fertility rate,2017,52.655
Poland,Adolescent fertility rate,2017,10.538
Pre-demographic dividend,Adolescent fertility rate,2017,108.9288085
Puerto Rico,Adolescent fertility rate,2017,29.098
"Korea, Dem. People’s Rep.",Adolescent fertility rate,2017,0.283
Portugal,Adolescent fertility rate,2017,8.38
Paraguay,Adolescent fertility rate,2017,70.504
West Bank and Gaza,Adolescent fertility rate,2017,52.766
Pacific island small states,Adolescent fertility rate,2017,50.41950061
Post-demographic dividend,Adolescent fertility rate,2017,12.64914528
French Polynesia,Adolescent fertility rate,2017,38.688
Qatar,Adolescent fertility rate,2017,9.922
Romania,Adolescent fertility rate,2017,36.211
Russian Federation,Adolescent fertility rate,2017,20.699
Rwanda,Adolescent fertility rate,2017,39.114
South Asia,Adolescent fertility rate,2017,25.58497242
Saudi Arabia,Adolescent fertility rate,2017,7.324
Sudan,Adolescent fertility rate,2017,63.993
Senegal,Adolescent fertility rate,2017,72.725
Singapore,Adolescent fertility rate,2017,3.53
Solomon Islands,Adolescent fertility rate,2017,78.003
Sierra Leone,Adolescent fertility rate,2017,112.828
El Salvador,Adolescent fertility rate,2017,69.459
San Marino,Adolescent fertility rate,2017,
Somalia,Adolescent fertility rate,2017,100.085
Serbia,Adolescent fertility rate,2017,14.706
Sub-Saharan Africa (excluding high income),Adolescent fertility rate,2017,102.7908548
South Sudan,Adolescent fertility rate,2017,62.04
Sub-Saharan Africa,Adolescent fertility rate,2017,102.7885852
Small states,Adolescent fertility rate,2017,59.01540835
Sao Tome and Principe,Adolescent fertility rate,2017,94.61
Suriname,Adolescent fertility rate,2017,61.655
Slovak Republic,Adolescent fertility rate,2017,25.684
Slovenia,Adolescent fertility rate,2017,3.776
Sweden,Adolescent fertility rate,2017,5.076
Eswatini,Adolescent fertility rate,2017,76.695
Sint Maarten (Dutch part),Adolescent fertility rate,2017,
Seychelles,Adolescent fertility rate,2017,62.05
Syrian Arab Republic,Adolescent fertility rate,2017,38.592
Turks and Caicos Islands,Adolescent fertility rate,2017,
Chad,Adolescent fertility rate,2017,161.09
East Asia & Pacific (IDA & IBRD countries),Adolescent fertility rate,2017,22.4528779
Europe & Central Asia (IDA & IBRD countries),Adolescent fertility rate,2017,25.21611813
Togo,Adolescent fertility rate,2017,89.091
Thailand,Adolescent fertility rate,2017,44.908
Tajikistan,Adolescent fertility rate,2017,57.076
Turkmenistan,Adolescent fertility rate,2017,24.418
Latin America & the Caribbean (IDA & IBRD countries),Adolescent fertility rate,2017,63.3671868
Timor-Leste,Adolescent fertility rate,2017,33.785
Middle East & North Africa (IDA & IBRD countries),Adolescent fertility rate,2017,43.75457615
Tonga,Adolescent fertility rate,2017,14.662
South Asia (IDA & IBRD),Adolescent fertility rate,2017,25.58497242
Sub-Saharan Africa (IDA & IBRD countries),Adolescent fertility rate,2017,102.7885852
Trinidad and Tobago,Adolescent fertility rate,2017,30.09
Tunisia,Adolescent fertility rate,2017,7.841
Turkey,Adolescent fertility rate,2017,26.559
Tuvalu,Adolescent fertility rate,2017,
Tanzania,Adolescent fertility rate,2017,118.385
Uganda,Adolescent fertility rate,2017,118.836
Ukraine,Adolescent fertility rate,2017,23.711
Upper middle income,Adolescent fertility rate,2017,30.72563351
Uruguay,Adolescent fertility rate,2017,58.727
United States,Adolescent fertility rate,2017,19.86
Uzbekistan,Adolescent fertility rate,2017,23.79
St. Vincent and the Grenadines,Adolescent fertility rate,2017,49.02
"Venezuela, RB",Adolescent fertility rate,2017,85.337
British Virgin Islands,Adolescent fertility rate,2017,
Virgin Islands (U.S.),Adolescent fertility rate,2017,28.887
Vietnam,Adolescent fertility rate,2017,30.929
Vanuatu,Adolescent fertility rate,2017,49.437
World,Adolescent fertility rate,2017,42.455699
Samoa,Adolescent fertility rate,2017,23.886
Kosovo,Adolescent fertility rate,2017,
"Yemen, Rep.",Adolescent fertility rate,2017,60.352
South Africa,Adolescent fertility rate,2017,67.908
Zambia,Adolescent fertility rate,2017,120.112
Zimbabwe,Adolescent fertility rate,2017,86.135
Aruba,GDP,2017,25630.26649
Afghanistan,GDP,2017,556.3021385
Angola,GDP,2017,4095.812942
Albania,GDP,2017,4532.889198
Andorra,GDP,2017,39134.39337
Arab World,GDP,2017,6285.215228
United Arab Emirates,GDP,2017,40325.382
Argentina,GDP,2017,14591.86338
Armenia,GDP,2017,3914.501268
American Samoa,GDP,2017,11398.77742
Antigua and Barbuda,GDP,2017,15824.66781
Australia,GDP,2017,54093.60219
Austria,GDP,2017,47380.82964
Azerbaijan,GDP,2017,4147.089716
Burundi,GDP,2017,293.009062
Belgium,GDP,2017,43507.2382
Benin,GDP,2017,827.4298101
Burkina Faso,GDP,2017,642.0404265
Bangladesh,GDP,2017,1563.994082
Bulgaria,GDP,2017,8228.01157
Bahrain,GDP,2017,23715.48275
"Bahamas, The",GDP,2017,31857.89015
Bosnia and Herzegovina,GDP,2017,5394.59122
Belarus,GDP,2017,5761.74712
Belize,GDP,2017,4956.808039
Bermuda,GDP,2017,
Bolivia,GDP,2017,3351.124053
Brazil,GDP,2017,9880.946543
Barbados,GDP,2017,16327.60723
Brunei Darussalam,GDP,2017,28572.10942
Bhutan,GDP,2017,3390.714075
Botswana,GDP,2017,7893.675933
Central African Republic,GDP,2017,471.6032278
Canada,GDP,2017,45069.92725
Central Europe and the Baltics,GDP,2017,14167.6491
Switzerland,GDP,2017,80333.44494
Channel Islands,GDP,2017,
Chile,GDP,2017,15037.35011
China,GDP,2017,8759.041578
Cote d'Ivoire,GDP,2017,1557.182948
Cameroon,GDP,2017,1421.587492
"Congo, Dem. Rep.",GDP,2017,467.0742375
"Congo, Rep.",GDP,2017,1702.571349
Colombia,GDP,2017,6375.932063
Comoros,GDP,2017,1312.366174
Cabo Verde,GDP,2017,3295.341106
Costa Rica,GDP,2017,11752.5436
Caribbean small states,GDP,2017,9442.912794
Cuba,GDP,2017,8541.210673
Curacao,GDP,2017,19457.53152
Cayman Islands,GDP,2017,56334.21399
Cyprus,GDP,2017,25760.7627
Czech Republic,GDP,2017,20379.89604
Germany,GDP,2017,44681.08258
Djibouti,GDP,2017,1953.903502
Dominica,GDP,2017,6951.303542
Denmark,GDP,2017,57218.85485
Dominican Republic,GDP,2017,7222.554044
Algeria,GDP,2017,4048.285258
East Asia & Pacific (excluding high income),GDP,2017,7081.776379
Early-demographic dividend,GDP,2017,3545.022221
East Asia & Pacific,GDP,2017,10332.83226
Europe & Central Asia (excluding high income),GDP,2017,7979.76034
Europe & Central Asia,GDP,2017,23517.20535
Ecuador,GDP,2017,6213.501276
"Egypt, Arab Rep.",GDP,2017,2440.510173
Euro area,GDP,2017,37047.77561
Eritrea,GDP,2017,
Spain,GDP,2017,28208.26105
Estonia,GDP,2017,20200.37559
Ethiopia,GDP,2017,768.0104163
European Union,GDP,2017,33873.285
Fragile and conflict affected situations,GDP,2017,1646.063393
Finland,GDP,2017,45809.97338
Fiji,GDP,2017,6006.360622
France,GDP,2017,38679.12715
Faroe Islands,GDP,2017,
"Micronesia, Fed. Sts.",GDP,2017,3018.396899
Gabon,GDP,2017,7212.535744
United Kingdom,GDP,2017,39932.06029
Georgia,GDP,2017,4045.41705
Ghana,GDP,2017,2025.885857
Gibraltar,GDP,2017,
Guinea,GDP,2017,821.6514609
"Gambia, The",GDP,2017,672.7805341
Guinea-Bissau,GDP,2017,736.7255662
Equatorial Guinea,GDP,2017,9738.434224
Greece,GDP,2017,18883.46007
Grenada,GDP,2017,10163.62985
Greenland,GDP,2017,
Guatemala,GDP,2017,4470.610798
Guam,GDP,2017,35664.50168
Guyana,GDP,2017,4586.054572
High income,GDP,2017,42350.05631
"Hong Kong SAR, China",GDP,2017,46220.50455
Honduras,GDP,2017,2432.935364
Heavily indebted poor countries (HIPC),GDP,2017,991.9852918
Croatia,GDP,2017,13383.6835
Haiti,GDP,2017,765.6139847
Hungary,GDP,2017,14278.8745
IBRD only,GDP,2017,6052.038611
IDA & IBRD total,GDP,2017,4859.047841
IDA total,GDP,2017,1345.833462
IDA blend,GDP,2017,1733.460499
Indonesia,GDP,2017,3836.913814
IDA only,GDP,2017,1148.309578
Isle of Man,GDP,2017,
India,GDP,2017,1981.499045
Not classified,GDP,2017,
Ireland,GDP,2017,69649.88274
"Iran, Islamic Rep.",GDP,2017,5627.749268
Iraq,GDP,2017,5143.661232
Iceland,GDP,2017,71314.7742
Israel,GDP,2017,40543.58417
Italy,GDP,2017,32155.20587
Jamaica,GDP,2017,5060.544924
Jordan,GDP,2017,4168.641604
Japan,GDP,2017,38331.9794
Kazakhstan,GDP,2017,9030.318806
Kenya,GDP,2017,1568.201541
Kyrgyz Republic,GDP,2017,1242.769643
Cambodia,GDP,2017,1385.25998
Kiribati,GDP,2017,1625.57597
St. Kitts and Nevis,GDP,2017,19060.57072
"Korea, Rep.",GDP,2017,29742.83886
Kuwait,GDP,2017,29474.54143
Latin America & Caribbean (excluding high income),GDP,2017,8959.802025
Lao PDR,GDP,2017,2423.846203
Lebanon,GDP,2017,7838.343385
Liberia,GDP,2017,698.7017644
Libya,GDP,2017,5792.06511
St. Lucia,GDP,2017,10003.25987
Latin America & Caribbean,GDP,2017,9397.620709
Least developed countries: UN classification,GDP,2017,1093.811323
Low income,GDP,2017,767.8929041
Liechtenstein,GDP,2017,
Sri Lanka,GDP,2017,4104.630983
Lower middle income,GDP,2017,2187.498829
Low & middle income,GDP,2017,4743.185613
Lesotho,GDP,2017,1232.786919
Late-demographic dividend,GDP,2017,8944.752137
Lithuania,GDP,2017,16809.64826
Luxembourg,GDP,2017,104498.7387
Latvia,GDP,2017,15684.55852
"Macao SAR, China",GDP,2017,81208.88207
St. Martin (French part),GDP,2017,
Morocco,GDP,2017,3036.171062
Monaco,GDP,2017,166726.0519
Moldova,GDP,2017,2724.493093
Madagascar,GDP,2017,448.4007965
Maldives,GDP,2017,9801.624542
Middle East & North Africa,GDP,2017,7422.027903
Mexico,GDP,2017,9281.101483
Marshall Islands,GDP,2017,3516.71432
Middle income,GDP,2017,5229.031764
North Macedonia,GDP,2017,5417.642019
Mali,GDP,2017,828.6132202
Malta,GDP,2017,27241.09064
Myanmar,GDP,2017,1249.828757
Middle East & North Africa (excluding high income),GDP,2017,3817.686174
Montenegro,GDP,2017,7784.06529
Mongolia,GDP,2017,3671.948419
Northern Mariana Islands,GDP,2017,28163.78487
Mozambique,GDP,2017,441.6178369
Mauritania,GDP,2017,1161.785457
Mauritius,GDP,2017,10484.90836
Malawi,GDP,2017,356.7175732
Malaysia,GDP,2017,10117.56903
North America,GDP,2017,58434.03088
Namibia,GDP,2017,5646.456007
New Caledonia,GDP,2017,
Niger,GDP,2017,375.8694897
Nigeria,GDP,2017,1968.559588
Nicaragua,GDP,2017,2168.19124
Netherlands,GDP,2017,48554.99228
Norway,GDP,2017,75704.2487
Nepal,GDP,2017,900.5739036
Nauru,GDP,2017,8844.41715
New Zealand,GDP,2017,42260.12518
OECD members,GDP,2017,38411.37254
Oman,GDP,2017,15170.35174
Other small states,GDP,2017,13422.24394
Pakistan,GDP,2017,1466.843096
Panama,GDP,2017,15166.12443
Peru,GDP,2017,6700.81138
Philippines,GDP,2017,2981.934151
Palau,GDP,2017,16274.90454
Papua New Guinea,GDP,2017,2640.153572
Poland,GDP,2017,13861.05156
Pre-demographic dividend,GDP,2017,1458.126344
Puerto Rico,GDP,2017,31353.43418
"Korea, Dem. People’s Rep.",GDP,2017,
Portugal,GDP,2017,21291.43099
Paraguay,GDP,2017,5680.580768
West Bank and Gaza,GDP,2017,3254.485887
Pacific island small states,GDP,2017,4080.526197
Post-demographic dividend,GDP,2017,42725.2277
French Polynesia,GDP,2017,
Qatar,GDP,2017,61264.39648
Romania,GDP,2017,10792.95628
Russian Federation,GDP,2017,10750.58712
Rwanda,GDP,2017,762.4991636
South Asia,GDP,2017,1867.272248
Saudi Arabia,GDP,2017,20803.74257
Sudan,GDP,2017,3015.02443
Senegal,GDP,2017,1367.218948
Singapore,GDP,2017,60297.79378
Solomon Islands,GDP,2017,2077.126038
Sierra Leone,GDP,2017,499.3807078
El Salvador,GDP,2017,3902.237622
San Marino,GDP,2017,48494.55141
Somalia,GDP,2017,309.066059
Serbia,GDP,2017,6284.192672
Sub-Saharan Africa (excluding high income),GDP,2017,1598.050477
South Sudan,GDP,2017,
Sub-Saharan Africa,GDP,2017,1599.336187
Small states,GDP,2017,12125.16296
Sao Tome and Principe,GDP,2017,1811.009633
Suriname,GDP,2017,5379.119415
Slovak Republic,GDP,2017,17579.2594
Slovenia,GDP,2017,23449.57452
Sweden,GDP,2017,53253.47664
Eswatini,GDP,2017,3941.900457
Sint Maarten (Dutch part),GDP,2017,
Seychelles,GDP,2017,15683.6565
Syrian Arab Republic,GDP,2017,
Turks and Caicos Islands,GDP,2017,25933.60744
Chad,GDP,2017,664.3033157
East Asia & Pacific (IDA & IBRD countries),GDP,2017,7156.320319
Europe & Central Asia (IDA & IBRD countries),GDP,2017,8516.291877
Togo,GDP,2017,619.066371
Thailand,GDP,2017,6578.188865
Tajikistan,GDP,2017,806.0415731
Turkmenistan,GDP,2017,6587.090316
Latin America & the Caribbean (IDA & IBRD countries),GDP,2017,9253.666484
Timor-Leste,GDP,2017,2000.601191
Middle East & North Africa (IDA & IBRD countries),GDP,2017,3823.8332
Tonga,GDP,2017,4217.476507
South Asia (IDA & IBRD),GDP,2017,1867.272248
Sub-Saharan Africa (IDA & IBRD countries),GDP,2017,1599.336187
Trinidad and Tobago,GDP,2017,16076.08204
Tunisia,GDP,2017,3494.318864
Turkey,GDP,2017,10499.74557
Tuvalu,GDP,2017,3572.608367
Tanzania,GDP,2017,1004.841121
Uganda,GDP,2017,631.5227198
Ukraine,GDP,2017,2640.675677
Upper middle income,GDP,2017,8663.27389
Uruguay,GDP,2017,16437.24487
United States,GDP,2017,59927.92983
Uzbekistan,GDP,2017,1826.56704
St. Vincent and the Grenadines,GDP,2017,7149.630866
"Venezuela, RB",GDP,2017,
British Virgin Islands,GDP,2017,
Virgin Islands (U.S.),GDP,2017,35938.02439
Vietnam,GDP,2017,2365.621666
Vanuatu,GDP,2017,2976.107116
World,GDP,2017,10769.67711
Samoa,GDP,2017,4307.805464
Kosovo,GDP,2017,3948.08815
"Yemen, Rep.",GDP,2017,963.494721
South Africa,GDP,2017,6127.462297
Zambia,GDP,2017,1534.865371
Zimbabwe,GDP,2017,1602.403507
